antecedents,consequents,support,confidence,lift,leverage,conviction
home_confort,bed_bath_table,0.0005784185608089291,0.13810741687979539,1.4313312860861387,0.00017430627287692385,1.0482874926505752
